id,user_id,category_id,name,description,created_at,updated_at
10,4,1,The Catcher in the Rye,The storytelling and characters are unforgettable.,2025-05-27 07:33:36 UTC,2025-05-27 07:33:36 UTC
11,4,1,The Hobbit,A timeless classic I could read over and over again.,2025-05-27 09:54:36 UTC,2025-05-27 09:54:36 UTC
12,4,1,The Great Gatsby,This book made me think deeply about society and justice.,2025-05-28 13:29:36 UTC,2025-05-28 13:29:36 UTC
13,4,2,Titanic,It has a perfect blend of storytelling and emotion.,2025-05-27 15:35:36 UTC,2025-05-27 15:35:36 UTC
14,4,2,The Shawshank Redemption,It has a perfect blend of storytelling and emotion.,2025-05-27 20:59:36 UTC,2025-05-27 20:59:36 UTC
15,4,2,The Matrix,This movie blew my mind the first time I watched it.,2025-05-27 09:46:36 UTC,2025-05-27 09:46:36 UTC
16,4,3,Succession,I love how the characters evolve over time.,2025-05-28 17:42:36 UTC,2025-05-28 17:42:36 UTC
17,4,3,The Office,I love how the characters evolve over time.,2025-05-27 15:58:36 UTC,2025-05-27 15:58:36 UTC
18,4,3,Ozark,It's a comfort show that I can watch anytime.,2025-05-27 01:16:36 UTC,2025-05-27 01:16:36 UTC
19,4,4,Hallelujah,A classic track that never gets old.,2025-05-27 19:44:36 UTC,2025-05-27 19:44:36 UTC
20,4,4,Yesterday,A classic track that never gets old.,2025-05-28 23:42:36 UTC,2025-05-28 23:42:36 UTC
21,4,4,Shake It Off,This song always puts me in a good mood.,2025-05-28 00:51:36 UTC,2025-05-28 00:51:36 UTC
22,4,5,Tokyo,The culture and scenery are absolutely stunning.,2025-05-28 11:24:36 UTC,2025-05-28 11:24:36 UTC
23,4,5,Cape Town,A perfect escape from everyday life.,2025-05-28 19:58:36 UTC,2025-05-28 19:58:36 UTC
24,4,5,New York City,The culture and scenery are absolutely stunning.,2025-05-28 11:00:36 UTC,2025-05-28 11:00:36 UTC
25,4,6,Gardening,It's a creative outlet that brings me joy.,2025-05-28 20:07:36 UTC,2025-05-28 20:07:36 UTC
26,4,6,Knitting,I've learned so much and grown from doing this regularly.,2025-05-27 14:45:36 UTC,2025-05-27 14:45:36 UTC
27,4,6,Photography,I've learned so much and grown from doing this regularly.,2025-05-28 17:38:36 UTC,2025-05-28 17:38:36 UTC
28,5,1,Brave New World,The storytelling and characters are unforgettable.,2025-05-28 16:25:36 UTC,2025-05-28 16:25:36 UTC
29,5,1,Pride and Prejudice,This book made me think deeply about society and justice.,2025-05-28 07:44:36 UTC,2025-05-28 07:44:36 UTC
30,5,1,1984,A timeless classic I could read over and over again.,2025-05-27 15:49:36 UTC,2025-05-27 15:49:36 UTC
31,5,2,Inception,This movie blew my mind the first time I watched it.,2025-05-27 18:22:36 UTC,2025-05-27 18:22:36 UTC
32,5,2,Parasite,It has a perfect blend of storytelling and emotion.,2025-05-27 19:10:36 UTC,2025-05-27 19:10:36 UTC
33,5,2,The Godfather,This movie blew my mind the first time I watched it.,2025-05-28 15:57:36 UTC,2025-05-28 15:57:36 UTC
34,5,3,The Crown,The plot twists always keep me guessing.,2025-05-28 01:44:36 UTC,2025-05-28 01:44:36 UTC
35,5,3,Succession,I love how the characters evolve over time.,2025-05-27 13:53:36 UTC,2025-05-27 13:53:36 UTC
36,5,3,Friends,The plot twists always keep me guessing.,2025-05-28 16:45:36 UTC,2025-05-28 16:45:36 UTC
37,5,4,Thriller,The lyrics resonate with me on a personal level.,2025-05-28 07:22:36 UTC,2025-05-28 07:22:36 UTC
38,5,4,Blinding Lights,This song always puts me in a good mood.,2025-05-28 09:43:36 UTC,2025-05-28 09:43:36 UTC
39,5,4,Imagine,The lyrics resonate with me on a personal level.,2025-05-28 02:36:36 UTC,2025-05-28 02:36:36 UTC
40,5,5,New York City,A perfect escape from everyday life.,2025-05-28 08:51:36 UTC,2025-05-28 08:51:36 UTC
41,5,5,Reykjavik,The culture and scenery are absolutely stunning.,2025-05-28 11:02:36 UTC,2025-05-28 11:02:36 UTC
42,5,5,Bali,I've always dreamed of traveling here.,2025-05-28 16:41:36 UTC,2025-05-28 16:41:36 UTC
43,5,6,Chess,This hobby helps me unwind after a long day.,2025-05-28 19:31:36 UTC,2025-05-28 19:31:36 UTC
44,5,6,Cooking,I've learned so much and grown from doing this regularly.,2025-05-28 14:47:36 UTC,2025-05-28 14:47:36 UTC
45,5,6,Birdwatching,This hobby helps me unwind after a long day.,2025-05-28 01:48:36 UTC,2025-05-28 01:48:36 UTC
46,6,1,The Great Gatsby,The storytelling and characters are unforgettable.,2025-05-27 13:32:36 UTC,2025-05-27 13:32:36 UTC
47,6,1,The Catcher in the Rye,This book made me think deeply about society and justice.,2025-05-28 06:32:36 UTC,2025-05-28 06:32:36 UTC
48,6,1,Pride and Prejudice,The storytelling and characters are unforgettable.,2025-05-29 01:01:36 UTC,2025-05-29 01:01:36 UTC
49,6,2,The Godfather,One of those films that sticks with you long after it's over.,2025-05-27 23:39:36 UTC,2025-05-27 23:39:36 UTC
50,6,2,The Matrix,It has a perfect blend of storytelling and emotion.,2025-05-28 20:19:36 UTC,2025-05-28 20:19:36 UTC
51,6,2,Forrest Gump,One of those films that sticks with you long after it's over.,2025-05-28 15:21:36 UTC,2025-05-28 15:21:36 UTC
52,6,3,Succession,It's a comfort show that I can watch anytime.,2025-05-28 22:26:36 UTC,2025-05-28 22:26:36 UTC
53,6,3,The Crown,It's a comfort show that I can watch anytime.,2025-05-27 12:39:36 UTC,2025-05-27 12:39:36 UTC
54,6,3,The Office,The plot twists always keep me guessing.,2025-05-28 19:24:36 UTC,2025-05-28 19:24:36 UTC
55,6,4,Shake It Off,This song always puts me in a good mood.,2025-05-27 15:56:36 UTC,2025-05-27 15:56:36 UTC
56,6,4,Thriller,The lyrics resonate with me on a personal level.,2025-05-27 14:40:36 UTC,2025-05-27 14:40:36 UTC
57,6,4,Hallelujah,A classic track that never gets old.,2025-05-28 23:01:36 UTC,2025-05-28 23:01:36 UTC
58,6,5,Tokyo,I've always dreamed of traveling here.,2025-05-28 04:52:36 UTC,2025-05-28 04:52:36 UTC
59,6,5,Rome,A perfect escape from everyday life.,2025-05-28 22:38:36 UTC,2025-05-28 22:38:36 UTC
60,6,5,Paris,A perfect escape from everyday life.,2025-05-28 03:42:36 UTC,2025-05-28 03:42:36 UTC
61,6,6,Photography,This hobby helps me unwind after a long day.,2025-05-28 07:31:36 UTC,2025-05-28 07:31:36 UTC
62,6,6,Cooking,I've learned so much and grown from doing this regularly.,2025-05-27 12:43:36 UTC,2025-05-27 12:43:36 UTC
63,6,6,Birdwatching,This hobby helps me unwind after a long day.,2025-05-28 02:08:36 UTC,2025-05-28 02:08:36 UTC
64,7,1,The Great Gatsby,A timeless classic I could read over and over again.,2025-05-28 05:05:36 UTC,2025-05-28 05:05:36 UTC
65,7,1,Brave New World,This book made me think deeply about society and justice.,2025-05-28 03:31:36 UTC,2025-05-28 03:31:36 UTC
66,7,1,1984,This book made me think deeply about society and justice.,2025-05-28 16:18:36 UTC,2025-05-28 16:18:36 UTC
67,7,2,Forrest Gump,One of those films that sticks with you long after it's over.,2025-05-28 05:44:36 UTC,2025-05-28 05:44:36 UTC
68,7,2,The Dark Knight,It has a perfect blend of storytelling and emotion.,2025-05-27 09:15:36 UTC,2025-05-27 09:15:36 UTC
69,7,2,Inception,It has a perfect blend of storytelling and emotion.,2025-05-28 08:51:36 UTC,2025-05-28 08:51:36 UTC
70,7,3,Ozark,The plot twists always keep me guessing.,2025-05-28 09:06:36 UTC,2025-05-28 09:06:36 UTC
71,7,3,The Office,The plot twists always keep me guessing.,2025-05-28 21:04:36 UTC,2025-05-28 21:04:36 UTC
72,7,3,Stranger Things,It's a comfort show that I can watch anytime.,2025-05-27 19:11:36 UTC,2025-05-27 19:11:36 UTC
73,7,4,Thriller,A classic track that never gets old.,2025-05-27 10:18:36 UTC,2025-05-27 10:18:36 UTC
74,7,4,Shake It Off,The lyrics resonate with me on a personal level.,2025-05-28 17:50:36 UTC,2025-05-28 17:50:36 UTC
75,7,4,Bohemian Rhapsody,This song always puts me in a good mood.,2025-05-28 01:59:36 UTC,2025-05-28 01:59:36 UTC
76,7,5,Tokyo,I've always dreamed of traveling here.,2025-05-28 19:50:36 UTC,2025-05-28 19:50:36 UTC
77,7,5,Sydney,I've always dreamed of traveling here.,2025-05-28 22:18:36 UTC,2025-05-28 22:18:36 UTC
78,7,5,Rome,I've always dreamed of traveling here.,2025-05-27 15:32:36 UTC,2025-05-27 15:32:36 UTC
79,7,6,Journaling,I've learned so much and grown from doing this regularly.,2025-05-28 22:03:36 UTC,2025-05-28 22:03:36 UTC
80,7,6,Knitting,It's a creative outlet that brings me joy.,2025-05-28 06:52:36 UTC,2025-05-28 06:52:36 UTC
81,7,6,Cooking,This hobby helps me unwind after a long day.,2025-05-27 16:29:36 UTC,2025-05-27 16:29:36 UTC
82,8,1,The Catcher in the Rye,The storytelling and characters are unforgettable.,2025-05-27 23:46:36 UTC,2025-05-27 23:46:36 UTC
83,8,1,Little Women,This book made me think deeply about society and justice.,2025-05-28 09:34:36 UTC,2025-05-28 09:34:36 UTC
84,8,1,1984,This book made me think deeply about society and justice.,2025-05-28 10:53:36 UTC,2025-05-28 10:53:36 UTC
85,8,2,Titanic,This movie blew my mind the first time I watched it.,2025-05-27 04:20:36 UTC,2025-05-27 04:20:36 UTC
86,8,2,Forrest Gump,One of those films that sticks with you long after it's over.,2025-05-27 11:23:36 UTC,2025-05-27 11:23:36 UTC
87,8,2,Inception,It has a perfect blend of storytelling and emotion.,2025-05-28 09:03:36 UTC,2025-05-28 09:03:36 UTC
88,8,3,The Crown,I love how the characters evolve over time.,2025-05-28 19:51:36 UTC,2025-05-28 19:51:36 UTC
89,8,3,Friends,I love how the characters evolve over time.,2025-05-27 15:02:36 UTC,2025-05-27 15:02:36 UTC
90,8,3,Grey's Anatomy,I love how the characters evolve over time.,2025-05-28 23:12:36 UTC,2025-05-28 23:12:36 UTC
91,8,4,Yesterday,This song always puts me in a good mood.,2025-05-28 17:34:36 UTC,2025-05-28 17:34:36 UTC
92,8,4,Thriller,This song always puts me in a good mood.,2025-05-27 09:55:36 UTC,2025-05-27 09:55:36 UTC
93,8,4,Bohemian Rhapsody,This song always puts me in a good mood.,2025-05-28 15:01:36 UTC,2025-05-28 15:01:36 UTC
94,8,5,New York City,A perfect escape from everyday life.,2025-05-27 06:58:36 UTC,2025-05-27 06:58:36 UTC
95,8,5,Rome,The culture and scenery are absolutely stunning.,2025-05-27 06:02:36 UTC,2025-05-27 06:02:36 UTC
96,8,5,Cape Town,I've always dreamed of traveling here.,2025-05-28 01:08:36 UTC,2025-05-28 01:08:36 UTC
97,8,6,Photography,This hobby helps me unwind after a long day.,2025-05-27 08:31:36 UTC,2025-05-27 08:31:36 UTC
98,8,6,Cooking,It's a creative outlet that brings me joy.,2025-05-27 03:19:36 UTC,2025-05-27 03:19:36 UTC
99,8,6,Drawing,I've learned so much and grown from doing this regularly.,2025-05-27 16:23:36 UTC,2025-05-27 16:23:36 UTC
100,9,1,Pride and Prejudice,A timeless classic I could read over and over again.,2025-05-28 22:19:36 UTC,2025-05-28 22:19:36 UTC
101,9,1,1984,The storytelling and characters are unforgettable.,2025-05-28 20:54:36 UTC,2025-05-28 20:54:36 UTC
102,9,1,To Kill a Mockingbird,This book made me think deeply about society and justice.,2025-05-28 16:21:36 UTC,2025-05-28 16:21:36 UTC
103,9,2,The Godfather,One of those films that sticks with you long after it's over.,2025-05-28 09:01:36 UTC,2025-05-28 09:01:36 UTC
104,9,2,Forrest Gump,This movie blew my mind the first time I watched it.,2025-05-27 14:11:36 UTC,2025-05-27 14:11:36 UTC
105,9,2,The Shawshank Redemption,This movie blew my mind the first time I watched it.,2025-05-28 21:48:36 UTC,2025-05-28 21:48:36 UTC
106,9,3,Ozark,The plot twists always keep me guessing.,2025-05-28 10:03:36 UTC,2025-05-28 10:03:36 UTC
107,9,3,The Crown,The plot twists always keep me guessing.,2025-05-28 18:45:36 UTC,2025-05-28 18:45:36 UTC
108,9,3,Breaking Bad,I love how the characters evolve over time.,2025-05-28 23:16:36 UTC,2025-05-28 23:16:36 UTC
109,9,4,Thriller,The lyrics resonate with me on a personal level.,2025-05-27 08:27:36 UTC,2025-05-27 08:27:36 UTC
110,9,4,Blinding Lights,A classic track that never gets old.,2025-05-27 06:00:36 UTC,2025-05-27 06:00:36 UTC
111,9,4,Bohemian Rhapsody,A classic track that never gets old.,2025-05-27 05:59:36 UTC,2025-05-27 05:59:36 UTC
112,9,5,Sydney,I've always dreamed of traveling here.,2025-05-28 05:54:36 UTC,2025-05-28 05:54:36 UTC
113,9,5,Reykjavik,The culture and scenery are absolutely stunning.,2025-05-27 19:47:36 UTC,2025-05-27 19:47:36 UTC
114,9,5,Bali,The culture and scenery are absolutely stunning.,2025-05-28 20:52:36 UTC,2025-05-28 20:52:36 UTC
115,9,6,Journaling,It's a creative outlet that brings me joy.,2025-05-28 19:22:36 UTC,2025-05-28 19:22:36 UTC
116,9,6,Chess,This hobby helps me unwind after a long day.,2025-05-27 16:04:36 UTC,2025-05-27 16:04:36 UTC
117,9,6,Photography,I've learned so much and grown from doing this regularly.,2025-05-28 19:49:36 UTC,2025-05-28 19:49:36 UTC
118,10,1,Little Women,This book made me think deeply about society and justice.,2025-05-27 07:39:36 UTC,2025-05-27 07:39:36 UTC
119,10,1,To Kill a Mockingbird,This book made me think deeply about society and justice.,2025-05-27 12:52:36 UTC,2025-05-27 12:52:36 UTC
120,10,1,The Hobbit,This book made me think deeply about society and justice.,2025-05-28 03:28:36 UTC,2025-05-28 03:28:36 UTC
121,10,2,The Godfather,It has a perfect blend of storytelling and emotion.,2025-05-27 18:45:36 UTC,2025-05-27 18:45:36 UTC
122,10,2,Titanic,One of those films that sticks with you long after it's over.,2025-05-27 12:35:36 UTC,2025-05-27 12:35:36 UTC
123,10,2,The Matrix,It has a perfect blend of storytelling and emotion.,2025-05-28 05:19:36 UTC,2025-05-28 05:19:36 UTC
124,10,3,Friends,It's a comfort show that I can watch anytime.,2025-05-28 19:35:36 UTC,2025-05-28 19:35:36 UTC
125,10,3,Ozark,It's a comfort show that I can watch anytime.,2025-05-27 17:31:36 UTC,2025-05-27 17:31:36 UTC
126,10,3,The Office,The plot twists always keep me guessing.,2025-05-27 06:47:36 UTC,2025-05-27 06:47:36 UTC
127,10,4,Blinding Lights,This song always puts me in a good mood.,2025-05-27 03:12:36 UTC,2025-05-27 03:12:36 UTC
128,10,4,Yesterday,The lyrics resonate with me on a personal level.,2025-05-27 23:30:36 UTC,2025-05-27 23:30:36 UTC
129,10,4,Thriller,The lyrics resonate with me on a personal level.,2025-05-27 15:34:36 UTC,2025-05-27 15:34:36 UTC
130,10,5,Sydney,A perfect escape from everyday life.,2025-05-27 01:23:36 UTC,2025-05-27 01:23:36 UTC
131,10,5,Reykjavik,The culture and scenery are absolutely stunning.,2025-05-27 03:49:36 UTC,2025-05-27 03:49:36 UTC
132,10,5,Cape Town,The culture and scenery are absolutely stunning.,2025-05-29 01:00:36 UTC,2025-05-29 01:00:36 UTC
133,10,6,Gardening,It's a creative outlet that brings me joy.,2025-05-27 12:32:36 UTC,2025-05-27 12:32:36 UTC
134,10,6,Photography,It's a creative outlet that brings me joy.,2025-05-27 07:51:36 UTC,2025-05-27 07:51:36 UTC
135,10,6,Drawing,It's a creative outlet that brings me joy.,2025-05-28 23:16:36 UTC,2025-05-28 23:16:36 UTC
136,11,1,Pride and Prejudice,The storytelling and characters are unforgettable.,2025-05-27 04:48:36 UTC,2025-05-27 04:48:36 UTC
137,11,1,Little Women,A timeless classic I could read over and over again.,2025-05-27 11:59:36 UTC,2025-05-27 11:59:36 UTC
138,11,1,The Catcher in the Rye,The storytelling and characters are unforgettable.,2025-05-28 02:43:36 UTC,2025-05-28 02:43:36 UTC
139,11,2,Inception,This movie blew my mind the first time I watched it.,2025-05-28 17:18:36 UTC,2025-05-28 17:18:36 UTC
140,11,2,The Shawshank Redemption,It has a perfect blend of storytelling and emotion.,2025-05-27 04:10:36 UTC,2025-05-27 04:10:36 UTC
141,11,2,The Dark Knight,One of those films that sticks with you long after it's over.,2025-05-27 08:11:36 UTC,2025-05-27 08:11:36 UTC
142,11,3,Breaking Bad,It's a comfort show that I can watch anytime.,2025-05-28 01:03:36 UTC,2025-05-28 01:03:36 UTC
143,11,3,Grey's Anatomy,The plot twists always keep me guessing.,2025-05-27 05:33:36 UTC,2025-05-27 05:33:36 UTC
144,11,3,Ozark,The plot twists always keep me guessing.,2025-05-27 13:54:36 UTC,2025-05-27 13:54:36 UTC
145,11,4,Let It Be,This song always puts me in a good mood.,2025-05-27 03:49:36 UTC,2025-05-27 03:49:36 UTC
146,11,4,Imagine,The lyrics resonate with me on a personal level.,2025-05-27 01:29:36 UTC,2025-05-27 01:29:36 UTC
147,11,4,Yesterday,This song always puts me in a good mood.,2025-05-28 19:02:36 UTC,2025-05-28 19:02:36 UTC
148,11,5,Bali,The culture and scenery are absolutely stunning.,2025-05-28 07:47:36 UTC,2025-05-28 07:47:36 UTC
149,11,5,Cape Town,I've always dreamed of traveling here.,2025-05-28 09:16:36 UTC,2025-05-28 09:16:36 UTC
150,11,5,Sydney,I've always dreamed of traveling here.,2025-05-27 15:21:36 UTC,2025-05-27 15:21:36 UTC
151,11,6,Chess,It's a creative outlet that brings me joy.,2025-05-27 01:48:36 UTC,2025-05-27 01:48:36 UTC
152,11,6,Journaling,It's a creative outlet that brings me joy.,2025-05-27 08:11:36 UTC,2025-05-27 08:11:36 UTC
153,11,6,Knitting,It's a creative outlet that brings me joy.,2025-05-28 12:39:36 UTC,2025-05-28 12:39:36 UTC
154,12,1,Brave New World,This book made me think deeply about society and justice.,2025-05-27 05:36:36 UTC,2025-05-27 05:36:36 UTC
155,12,1,The Hobbit,This book made me think deeply about society and justice.,2025-05-27 18:44:36 UTC,2025-05-27 18:44:36 UTC
156,12,1,The Catcher in the Rye,A timeless classic I could read over and over again.,2025-05-28 09:06:36 UTC,2025-05-28 09:06:36 UTC
157,12,2,Forrest Gump,This movie blew my mind the first time I watched it.,2025-05-28 12:20:36 UTC,2025-05-28 12:20:36 UTC
158,12,2,The Godfather,This movie blew my mind the first time I watched it.,2025-05-27 11:12:36 UTC,2025-05-27 11:12:36 UTC
159,12,2,Titanic,One of those films that sticks with you long after it's over.,2025-05-28 19:42:36 UTC,2025-05-28 19:42:36 UTC
160,12,3,Succession,The plot twists always keep me guessing.,2025-05-27 17:31:36 UTC,2025-05-27 17:31:36 UTC
161,12,3,The Office,I love how the characters evolve over time.,2025-05-27 21:00:36 UTC,2025-05-27 21:00:36 UTC
162,12,3,Ozark,The plot twists always keep me guessing.,2025-05-28 17:54:36 UTC,2025-05-28 17:54:36 UTC
163,12,4,Bohemian Rhapsody,A classic track that never gets old.,2025-05-28 10:18:36 UTC,2025-05-28 10:18:36 UTC
164,12,4,Hallelujah,The lyrics resonate with me on a personal level.,2025-05-28 14:02:36 UTC,2025-05-28 14:02:36 UTC
165,12,4,Imagine,A classic track that never gets old.,2025-05-27 16:05:36 UTC,2025-05-27 16:05:36 UTC
166,12,5,Bali,I've always dreamed of traveling here.,2025-05-27 16:18:36 UTC,2025-05-27 16:18:36 UTC
167,12,5,Cape Town,The culture and scenery are absolutely stunning.,2025-05-28 17:33:36 UTC,2025-05-28 17:33:36 UTC
168,12,5,Reykjavik,The culture and scenery are absolutely stunning.,2025-05-27 04:12:36 UTC,2025-05-27 04:12:36 UTC
169,12,6,Knitting,This hobby helps me unwind after a long day.,2025-05-27 23:20:36 UTC,2025-05-27 23:20:36 UTC
170,12,6,Journaling,It's a creative outlet that brings me joy.,2025-05-27 05:38:36 UTC,2025-05-27 05:38:36 UTC
171,12,6,Photography,I've learned so much and grown from doing this regularly.,2025-05-27 14:34:36 UTC,2025-05-27 14:34:36 UTC
172,13,1,To Kill a Mockingbird,This book made me think deeply about society and justice.,2025-05-27 19:43:36 UTC,2025-05-27 19:43:36 UTC
173,13,1,Pride and Prejudice,The storytelling and characters are unforgettable.,2025-05-27 19:09:36 UTC,2025-05-27 19:09:36 UTC
174,13,1,The Great Gatsby,This book made me think deeply about society and justice.,2025-05-27 10:25:36 UTC,2025-05-27 10:25:36 UTC
175,13,2,The Shawshank Redemption,One of those films that sticks with you long after it's over.,2025-05-28 11:23:36 UTC,2025-05-28 11:23:36 UTC
176,13,2,The Godfather,This movie blew my mind the first time I watched it.,2025-05-27 19:20:36 UTC,2025-05-27 19:20:36 UTC
177,13,2,The Dark Knight,This movie blew my mind the first time I watched it.,2025-05-27 09:45:36 UTC,2025-05-27 09:45:36 UTC
178,13,3,Grey's Anatomy,It's a comfort show that I can watch anytime.,2025-05-27 12:19:36 UTC,2025-05-27 12:19:36 UTC
179,13,3,Friends,I love how the characters evolve over time.,2025-05-28 13:13:36 UTC,2025-05-28 13:13:36 UTC
180,13,3,Breaking Bad,It's a comfort show that I can watch anytime.,2025-05-28 15:55:36 UTC,2025-05-28 15:55:36 UTC
181,13,4,Hallelujah,The lyrics resonate with me on a personal level.,2025-05-28 13:08:36 UTC,2025-05-28 13:08:36 UTC
182,13,4,Shake It Off,This song always puts me in a good mood.,2025-05-29 00:10:36 UTC,2025-05-29 00:10:36 UTC
183,13,4,Thriller,The lyrics resonate with me on a personal level.,2025-05-28 17:03:36 UTC,2025-05-28 17:03:36 UTC
184,13,5,Reykjavik,The culture and scenery are absolutely stunning.,2025-05-27 10:04:36 UTC,2025-05-27 10:04:36 UTC
185,13,5,Cape Town,The culture and scenery are absolutely stunning.,2025-05-27 13:16:36 UTC,2025-05-27 13:16:36 UTC
186,13,5,Tokyo,The culture and scenery are absolutely stunning.,2025-05-28 18:02:36 UTC,2025-05-28 18:02:36 UTC
187,13,6,Cooking,I've learned so much and grown from doing this regularly.,2025-05-28 18:35:36 UTC,2025-05-28 18:35:36 UTC
188,13,6,Gardening,It's a creative outlet that brings me joy.,2025-05-28 11:02:36 UTC,2025-05-28 11:02:36 UTC
189,13,6,Drawing,It's a creative outlet that brings me joy.,2025-05-28 08:18:36 UTC,2025-05-28 08:18:36 UTC
190,14,1,Pride and Prejudice,This book made me think deeply about society and justice.,2025-05-28 16:04:36 UTC,2025-05-28 16:04:36 UTC
191,14,1,The Great Gatsby,This book made me think deeply about society and justice.,2025-05-28 07:06:36 UTC,2025-05-28 07:06:36 UTC
192,14,1,The Hobbit,A timeless classic I could read over and over again.,2025-05-27 21:34:36 UTC,2025-05-27 21:34:36 UTC
193,14,2,Forrest Gump,It has a perfect blend of storytelling and emotion.,2025-05-28 09:28:36 UTC,2025-05-28 09:28:36 UTC
194,14,2,Titanic,It has a perfect blend of storytelling and emotion.,2025-05-27 10:10:36 UTC,2025-05-27 10:10:36 UTC
195,14,2,Inception,It has a perfect blend of storytelling and emotion.,2025-05-28 22:09:36 UTC,2025-05-28 22:09:36 UTC
196,14,3,The Office,The plot twists always keep me guessing.,2025-05-27 08:28:36 UTC,2025-05-27 08:28:36 UTC
197,14,3,Ozark,It's a comfort show that I can watch anytime.,2025-05-28 04:09:36 UTC,2025-05-28 04:09:36 UTC
198,14,3,Friends,It's a comfort show that I can watch anytime.,2025-05-27 11:14:36 UTC,2025-05-27 11:14:36 UTC
199,14,4,Shake It Off,The lyrics resonate with me on a personal level.,2025-05-28 02:42:36 UTC,2025-05-28 02:42:36 UTC
200,14,4,Hallelujah,A classic track that never gets old.,2025-05-28 19:42:36 UTC,2025-05-28 19:42:36 UTC
201,14,4,Bohemian Rhapsody,A classic track that never gets old.,2025-05-27 01:42:36 UTC,2025-05-27 01:42:36 UTC
202,14,5,New York City,The culture and scenery are absolutely stunning.,2025-05-28 22:03:36 UTC,2025-05-28 22:03:36 UTC
203,14,5,Cape Town,The culture and scenery are absolutely stunning.,2025-05-28 04:40:36 UTC,2025-05-28 04:40:36 UTC
204,14,5,Sydney,I've always dreamed of traveling here.,2025-05-27 19:45:36 UTC,2025-05-27 19:45:36 UTC
205,14,6,Chess,This hobby helps me unwind after a long day.,2025-05-27 23:47:36 UTC,2025-05-27 23:47:36 UTC
206,14,6,Knitting,This hobby helps me unwind after a long day.,2025-05-28 21:20:36 UTC,2025-05-28 21:20:36 UTC
207,14,6,Cooking,This hobby helps me unwind after a long day.,2025-05-28 12:25:36 UTC,2025-05-28 12:25:36 UTC
208,15,1,Little Women,This book made me think deeply about society and justice.,2025-05-28 11:36:36 UTC,2025-05-28 11:36:36 UTC
209,15,1,The Hobbit,This book made me think deeply about society and justice.,2025-05-28 07:35:36 UTC,2025-05-28 07:35:36 UTC
210,15,1,The Catcher in the Rye,The storytelling and characters are unforgettable.,2025-05-28 14:44:36 UTC,2025-05-28 14:44:36 UTC
211,15,2,The Godfather,It has a perfect blend of storytelling and emotion.,2025-05-28 05:37:36 UTC,2025-05-28 05:37:36 UTC
212,15,2,Titanic,It has a perfect blend of storytelling and emotion.,2025-05-27 09:06:36 UTC,2025-05-27 09:06:36 UTC
213,15,2,Forrest Gump,One of those films that sticks with you long after it's over.,2025-05-27 12:43:36 UTC,2025-05-27 12:43:36 UTC
214,15,3,Breaking Bad,I love how the characters evolve over time.,2025-05-28 11:45:36 UTC,2025-05-28 11:45:36 UTC
215,15,3,Succession,The plot twists always keep me guessing.,2025-05-27 22:54:36 UTC,2025-05-27 22:54:36 UTC
216,15,3,The Crown,It's a comfort show that I can watch anytime.,2025-05-28 08:16:36 UTC,2025-05-28 08:16:36 UTC
217,15,4,Imagine,This song always puts me in a good mood.,2025-05-28 17:43:36 UTC,2025-05-28 17:43:36 UTC
218,15,4,Shake It Off,This song always puts me in a good mood.,2025-05-28 16:38:36 UTC,2025-05-28 16:38:36 UTC
219,15,4,Hallelujah,This song always puts me in a good mood.,2025-05-27 17:15:36 UTC,2025-05-27 17:15:36 UTC
220,15,5,Tokyo,I've always dreamed of traveling here.,2025-05-27 20:02:36 UTC,2025-05-27 20:02:36 UTC
221,15,5,Bali,I've always dreamed of traveling here.,2025-05-28 01:44:36 UTC,2025-05-28 01:44:36 UTC
222,15,5,New York City,I've always dreamed of traveling here.,2025-05-27 08:44:36 UTC,2025-05-27 08:44:36 UTC
223,15,6,Chess,I've learned so much and grown from doing this regularly.,2025-05-27 14:33:36 UTC,2025-05-27 14:33:36 UTC
224,15,6,Cooking,This hobby helps me unwind after a long day.,2025-05-29 00:17:36 UTC,2025-05-29 00:17:36 UTC
225,15,6,Journaling,It's a creative outlet that brings me joy.,2025-05-28 00:08:36 UTC,2025-05-28 00:08:36 UTC
226,16,1,The Catcher in the Rye,The storytelling and characters are unforgettable.,2025-05-28 09:12:36 UTC,2025-05-28 09:12:36 UTC
227,16,1,Little Women,A timeless classic I could read over and over again.,2025-05-28 17:20:36 UTC,2025-05-28 17:20:36 UTC
228,16,1,The Great Gatsby,The storytelling and characters are unforgettable.,2025-05-27 18:14:36 UTC,2025-05-27 18:14:36 UTC
229,16,2,The Godfather,One of those films that sticks with you long after it's over.,2025-05-27 11:24:36 UTC,2025-05-27 11:24:36 UTC
230,16,2,The Matrix,It has a perfect blend of storytelling and emotion.,2025-05-27 22:58:36 UTC,2025-05-27 22:58:36 UTC
231,16,2,Forrest Gump,One of those films that sticks with you long after it's over.,2025-05-27 18:58:36 UTC,2025-05-27 18:58:36 UTC
232,16,3,Stranger Things,I love how the characters evolve over time.,2025-05-27 14:48:36 UTC,2025-05-27 14:48:36 UTC
233,16,3,Grey's Anatomy,I love how the characters evolve over time.,2025-05-29 00:08:36 UTC,2025-05-29 00:08:36 UTC
234,16,3,Breaking Bad,It's a comfort show that I can watch anytime.,2025-05-28 18:55:36 UTC,2025-05-28 18:55:36 UTC
235,16,4,Let It Be,A classic track that never gets old.,2025-05-28 08:01:36 UTC,2025-05-28 08:01:36 UTC
236,16,4,Imagine,This song always puts me in a good mood.,2025-05-28 23:24:36 UTC,2025-05-28 23:24:36 UTC
237,16,4,Bohemian Rhapsody,This song always puts me in a good mood.,2025-05-28 21:54:36 UTC,2025-05-28 21:54:36 UTC
238,16,5,Bali,A perfect escape from everyday life.,2025-05-28 21:19:36 UTC,2025-05-28 21:19:36 UTC
239,16,5,Cape Town,I've always dreamed of traveling here.,2025-05-28 14:00:36 UTC,2025-05-28 14:00:36 UTC
240,16,5,Sydney,The culture and scenery are absolutely stunning.,2025-05-28 17:51:36 UTC,2025-05-28 17:51:36 UTC
241,16,6,Knitting,I've learned so much and grown from doing this regularly.,2025-05-27 17:14:36 UTC,2025-05-27 17:14:36 UTC
242,16,6,Cooking,This hobby helps me unwind after a long day.,2025-05-27 02:36:36 UTC,2025-05-27 02:36:36 UTC
243,16,6,Drawing,I've learned so much and grown from doing this regularly.,2025-05-27 17:26:36 UTC,2025-05-27 17:26:36 UTC
244,17,1,To Kill a Mockingbird,A timeless classic I could read over and over again.,2025-05-27 12:25:36 UTC,2025-05-27 12:25:36 UTC
245,17,1,Little Women,This book made me think deeply about society and justice.,2025-05-27 14:11:36 UTC,2025-05-27 14:11:36 UTC
246,17,1,Pride and Prejudice,This book made me think deeply about society and justice.,2025-05-27 04:37:36 UTC,2025-05-27 04:37:36 UTC
247,17,2,Inception,One of those films that sticks with you long after it's over.,2025-05-28 13:30:36 UTC,2025-05-28 13:30:36 UTC
248,17,2,The Godfather,This movie blew my mind the first time I watched it.,2025-05-28 04:19:36 UTC,2025-05-28 04:19:36 UTC
249,17,2,Titanic,This movie blew my mind the first time I watched it.,2025-05-27 14:07:36 UTC,2025-05-27 14:07:36 UTC
250,17,3,Stranger Things,The plot twists always keep me guessing.,2025-05-28 05:41:36 UTC,2025-05-28 05:41:36 UTC
251,17,3,Friends,I love how the characters evolve over time.,2025-05-27 21:08:36 UTC,2025-05-27 21:08:36 UTC
252,17,3,Grey's Anatomy,The plot twists always keep me guessing.,2025-05-28 19:55:36 UTC,2025-05-28 19:55:36 UTC
253,17,4,Let It Be,A classic track that never gets old.,2025-05-27 19:01:36 UTC,2025-05-27 19:01:36 UTC
254,17,4,Bohemian Rhapsody,A classic track that never gets old.,2025-05-27 06:52:36 UTC,2025-05-27 06:52:36 UTC
255,17,4,Shake It Off,The lyrics resonate with me on a personal level.,2025-05-27 20:45:36 UTC,2025-05-27 20:45:36 UTC
256,17,5,Tokyo,A perfect escape from everyday life.,2025-05-27 21:09:36 UTC,2025-05-27 21:09:36 UTC
257,17,5,Sydney,I've always dreamed of traveling here.,2025-05-28 00:57:36 UTC,2025-05-28 00:57:36 UTC
258,17,5,Paris,A perfect escape from everyday life.,2025-05-27 01:47:36 UTC,2025-05-27 01:47:36 UTC
259,17,6,Photography,It's a creative outlet that brings me joy.,2025-05-28 01:18:36 UTC,2025-05-28 01:18:36 UTC
260,17,6,Birdwatching,I've learned so much and grown from doing this regularly.,2025-05-28 06:21:36 UTC,2025-05-28 06:21:36 UTC
261,17,6,Knitting,It's a creative outlet that brings me joy.,2025-05-27 01:42:36 UTC,2025-05-27 01:42:36 UTC
262,18,1,Brave New World,The storytelling and characters are unforgettable.,2025-05-28 20:13:36 UTC,2025-05-28 20:13:36 UTC
263,18,1,Little Women,This book made me think deeply about society and justice.,2025-05-28 07:39:36 UTC,2025-05-28 07:39:36 UTC
264,18,1,The Hobbit,This book made me think deeply about society and justice.,2025-05-28 09:29:36 UTC,2025-05-28 09:29:36 UTC
265,18,2,Parasite,It has a perfect blend of storytelling and emotion.,2025-05-27 02:33:36 UTC,2025-05-27 02:33:36 UTC
266,18,2,Forrest Gump,It has a perfect blend of storytelling and emotion.,2025-05-27 22:05:36 UTC,2025-05-27 22:05:36 UTC
267,18,2,The Shawshank Redemption,One of those films that sticks with you long after it's over.,2025-05-28 05:28:36 UTC,2025-05-28 05:28:36 UTC
268,18,3,The Office,The plot twists always keep me guessing.,2025-05-28 03:52:36 UTC,2025-05-28 03:52:36 UTC
269,18,3,Stranger Things,It's a comfort show that I can watch anytime.,2025-05-28 03:34:36 UTC,2025-05-28 03:34:36 UTC
270,18,3,Succession,I love how the characters evolve over time.,2025-05-28 06:43:36 UTC,2025-05-28 06:43:36 UTC
271,18,4,Hallelujah,The lyrics resonate with me on a personal level.,2025-05-28 02:50:36 UTC,2025-05-28 02:50:36 UTC
272,18,4,Yesterday,The lyrics resonate with me on a personal level.,2025-05-28 02:02:36 UTC,2025-05-28 02:02:36 UTC
273,18,4,Let It Be,The lyrics resonate with me on a personal level.,2025-05-28 16:06:36 UTC,2025-05-28 16:06:36 UTC
274,18,5,New York City,I've always dreamed of traveling here.,2025-05-27 07:24:36 UTC,2025-05-27 07:24:36 UTC
275,18,5,Reykjavik,I've always dreamed of traveling here.,2025-05-28 11:45:36 UTC,2025-05-28 11:45:36 UTC
276,18,5,Sydney,The culture and scenery are absolutely stunning.,2025-05-28 11:27:36 UTC,2025-05-28 11:27:36 UTC
277,18,6,Photography,This hobby helps me unwind after a long day.,2025-05-27 12:22:36 UTC,2025-05-27 12:22:36 UTC
278,18,6,Cooking,This hobby helps me unwind after a long day.,2025-05-28 20:59:36 UTC,2025-05-28 20:59:36 UTC
279,18,6,Gardening,This hobby helps me unwind after a long day.,2025-05-27 17:46:36 UTC,2025-05-27 17:46:36 UTC
280,19,1,1984,The storytelling and characters are unforgettable.,2025-05-28 22:16:36 UTC,2025-05-28 22:16:36 UTC
281,19,1,To Kill a Mockingbird,This book made me think deeply about society and justice.,2025-05-28 03:57:36 UTC,2025-05-28 03:57:36 UTC
282,19,1,Little Women,A timeless classic I could read over and over again.,2025-05-27 06:51:36 UTC,2025-05-27 06:51:36 UTC
283,19,2,Titanic,This movie blew my mind the first time I watched it.,2025-05-28 00:28:36 UTC,2025-05-28 00:28:36 UTC
284,19,2,Inception,This movie blew my mind the first time I watched it.,2025-05-27 09:15:36 UTC,2025-05-27 09:15:36 UTC
285,19,2,The Godfather,One of those films that sticks with you long after it's over.,2025-05-27 18:28:36 UTC,2025-05-27 18:28:36 UTC
286,19,3,Friends,I love how the characters evolve over time.,2025-05-27 20:28:36 UTC,2025-05-27 20:28:36 UTC
287,19,3,Ozark,It's a comfort show that I can watch anytime.,2025-05-28 18:50:36 UTC,2025-05-28 18:50:36 UTC
288,19,3,Succession,It's a comfort show that I can watch anytime.,2025-05-28 08:14:36 UTC,2025-05-28 08:14:36 UTC
289,19,4,Yesterday,This song always puts me in a good mood.,2025-05-28 06:38:36 UTC,2025-05-28 06:38:36 UTC
290,19,4,Shake It Off,The lyrics resonate with me on a personal level.,2025-05-28 16:25:36 UTC,2025-05-28 16:25:36 UTC
291,19,4,Let It Be,This song always puts me in a good mood.,2025-05-27 22:25:36 UTC,2025-05-27 22:25:36 UTC
292,19,5,Tokyo,The culture and scenery are absolutely stunning.,2025-05-27 04:24:36 UTC,2025-05-27 04:24:36 UTC
293,19,5,Paris,I've always dreamed of traveling here.,2025-05-27 08:18:36 UTC,2025-05-27 08:18:36 UTC
294,19,5,Sydney,I've always dreamed of traveling here.,2025-05-28 02:24:36 UTC,2025-05-28 02:24:36 UTC
295,19,6,Chess,I've learned so much and grown from doing this regularly.,2025-05-28 23:42:36 UTC,2025-05-28 23:42:36 UTC
296,19,6,Journaling,This hobby helps me unwind after a long day.,2025-05-27 03:43:36 UTC,2025-05-27 03:43:36 UTC
297,19,6,Gardening,I've learned so much and grown from doing this regularly.,2025-05-27 13:36:36 UTC,2025-05-27 13:36:36 UTC
298,20,1,The Catcher in the Rye,This book made me think deeply about society and justice.,2025-05-28 11:51:36 UTC,2025-05-28 11:51:36 UTC
299,20,1,The Great Gatsby,The storytelling and characters are unforgettable.,2025-05-28 08:00:36 UTC,2025-05-28 08:00:36 UTC
300,20,1,Little Women,A timeless classic I could read over and over again.,2025-05-27 17:53:36 UTC,2025-05-27 17:53:36 UTC
301,20,2,The Godfather,One of those films that sticks with you long after it's over.,2025-05-28 11:10:36 UTC,2025-05-28 11:10:36 UTC
302,20,2,Titanic,This movie blew my mind the first time I watched it.,2025-05-28 06:10:36 UTC,2025-05-28 06:10:36 UTC
303,20,2,Inception,This movie blew my mind the first time I watched it.,2025-05-28 22:45:36 UTC,2025-05-28 22:45:36 UTC
304,20,3,Succession,I love how the characters evolve over time.,2025-05-27 12:11:36 UTC,2025-05-27 12:11:36 UTC
305,20,3,Stranger Things,It's a comfort show that I can watch anytime.,2025-05-28 19:36:36 UTC,2025-05-28 19:36:36 UTC
306,20,3,Breaking Bad,I love how the characters evolve over time.,2025-05-28 11:02:36 UTC,2025-05-28 11:02:36 UTC
307,20,4,Hallelujah,A classic track that never gets old.,2025-05-28 07:46:36 UTC,2025-05-28 07:46:36 UTC
308,20,4,Shake It Off,The lyrics resonate with me on a personal level.,2025-05-28 06:30:36 UTC,2025-05-28 06:30:36 UTC
309,20,4,Yesterday,This song always puts me in a good mood.,2025-05-28 14:54:36 UTC,2025-05-28 14:54:36 UTC
310,20,5,Bali,The culture and scenery are absolutely stunning.,2025-05-28 07:27:36 UTC,2025-05-28 07:27:36 UTC
311,20,5,Paris,The culture and scenery are absolutely stunning.,2025-05-27 04:01:36 UTC,2025-05-27 04:01:36 UTC
312,20,5,Sydney,The culture and scenery are absolutely stunning.,2025-05-28 06:10:36 UTC,2025-05-28 06:10:36 UTC
313,20,6,Knitting,It's a creative outlet that brings me joy.,2025-05-28 14:20:36 UTC,2025-05-28 14:20:36 UTC
314,20,6,Drawing,This hobby helps me unwind after a long day.,2025-05-28 14:27:36 UTC,2025-05-28 14:27:36 UTC
315,20,6,Chess,I've learned so much and grown from doing this regularly.,2025-05-28 12:18:36 UTC,2025-05-28 12:18:36 UTC
316,21,1,Little Women,The storytelling and characters are unforgettable.,2025-05-28 23:52:36 UTC,2025-05-28 23:52:36 UTC
317,21,1,The Hobbit,This book made me think deeply about society and justice.,2025-05-27 09:23:36 UTC,2025-05-27 09:23:36 UTC
318,21,1,Pride and Prejudice,A timeless classic I could read over and over again.,2025-05-28 06:08:36 UTC,2025-05-28 06:08:36 UTC
319,21,2,Titanic,This movie blew my mind the first time I watched it.,2025-05-27 23:03:36 UTC,2025-05-27 23:03:36 UTC
320,21,2,Inception,One of those films that sticks with you long after it's over.,2025-05-27 12:53:36 UTC,2025-05-27 12:53:36 UTC
321,21,2,The Godfather,It has a perfect blend of storytelling and emotion.,2025-05-27 21:37:36 UTC,2025-05-27 21:37:36 UTC
322,21,3,Succession,I love how the characters evolve over time.,2025-05-29 00:54:36 UTC,2025-05-29 00:54:36 UTC
323,21,3,Breaking Bad,I love how the characters evolve over time.,2025-05-27 22:45:36 UTC,2025-05-27 22:45:36 UTC
324,21,3,Ozark,I love how the characters evolve over time.,2025-05-28 19:46:36 UTC,2025-05-28 19:46:36 UTC
325,21,4,Blinding Lights,This song always puts me in a good mood.,2025-05-28 13:29:36 UTC,2025-05-28 13:29:36 UTC
326,21,4,Imagine,The lyrics resonate with me on a personal level.,2025-05-27 17:58:36 UTC,2025-05-27 17:58:36 UTC
327,21,4,Thriller,This song always puts me in a good mood.,2025-05-27 20:05:36 UTC,2025-05-27 20:05:36 UTC
328,21,5,Sydney,The culture and scenery are absolutely stunning.,2025-05-27 11:21:36 UTC,2025-05-27 11:21:36 UTC
329,21,5,Tokyo,A perfect escape from everyday life.,2025-05-27 11:12:36 UTC,2025-05-27 11:12:36 UTC
330,21,5,Reykjavik,A perfect escape from everyday life.,2025-05-28 04:27:36 UTC,2025-05-28 04:27:36 UTC
331,21,6,Photography,This hobby helps me unwind after a long day.,2025-05-27 17:14:36 UTC,2025-05-27 17:14:36 UTC
332,21,6,Knitting,I've learned so much and grown from doing this regularly.,2025-05-27 12:40:36 UTC,2025-05-27 12:40:36 UTC
333,21,6,Journaling,It's a creative outlet that brings me joy.,2025-05-28 21:59:36 UTC,2025-05-28 21:59:36 UTC
334,22,1,The Great Gatsby,A timeless classic I could read over and over again.,2025-05-27 03:39:36 UTC,2025-05-27 03:39:36 UTC
335,22,1,The Hobbit,The storytelling and characters are unforgettable.,2025-05-27 03:21:36 UTC,2025-05-27 03:21:36 UTC
336,22,1,Brave New World,This book made me think deeply about society and justice.,2025-05-28 10:23:36 UTC,2025-05-28 10:23:36 UTC
337,22,2,The Shawshank Redemption,This movie blew my mind the first time I watched it.,2025-05-27 03:25:36 UTC,2025-05-27 03:25:36 UTC
338,22,2,The Dark Knight,One of those films that sticks with you long after it's over.,2025-05-27 07:36:36 UTC,2025-05-27 07:36:36 UTC
339,22,2,Titanic,It has a perfect blend of storytelling and emotion.,2025-05-28 15:23:36 UTC,2025-05-28 15:23:36 UTC
340,22,3,Breaking Bad,The plot twists always keep me guessing.,2025-05-27 08:15:36 UTC,2025-05-27 08:15:36 UTC
341,22,3,Ozark,I love how the characters evolve over time.,2025-05-27 20:51:36 UTC,2025-05-27 20:51:36 UTC
342,22,3,The Crown,It's a comfort show that I can watch anytime.,2025-05-27 13:02:36 UTC,2025-05-27 13:02:36 UTC
343,22,4,Blinding Lights,The lyrics resonate with me on a personal level.,2025-05-28 16:55:36 UTC,2025-05-28 16:55:36 UTC
344,22,4,Imagine,A classic track that never gets old.,2025-05-28 05:47:36 UTC,2025-05-28 05:47:36 UTC
345,22,4,Bohemian Rhapsody,The lyrics resonate with me on a personal level.,2025-05-27 08:48:36 UTC,2025-05-27 08:48:36 UTC
346,22,5,Tokyo,The culture and scenery are absolutely stunning.,2025-05-27 01:57:36 UTC,2025-05-27 01:57:36 UTC
347,22,5,Paris,I've always dreamed of traveling here.,2025-05-28 10:14:36 UTC,2025-05-28 10:14:36 UTC
348,22,5,Sydney,I've always dreamed of traveling here.,2025-05-28 00:35:36 UTC,2025-05-28 00:35:36 UTC
349,22,6,Photography,I've learned so much and grown from doing this regularly.,2025-05-28 16:26:36 UTC,2025-05-28 16:26:36 UTC
350,22,6,Cooking,I've learned so much and grown from doing this regularly.,2025-05-27 04:15:36 UTC,2025-05-27 04:15:36 UTC
351,22,6,Drawing,This hobby helps me unwind after a long day.,2025-05-28 01:18:36 UTC,2025-05-28 01:18:36 UTC
352,23,1,The Great Gatsby,This book made me think deeply about society and justice.,2025-05-28 05:19:36 UTC,2025-05-28 05:19:36 UTC
353,23,1,The Hobbit,This book made me think deeply about society and justice.,2025-05-27 05:12:36 UTC,2025-05-27 05:12:36 UTC
354,23,1,Brave New World,The storytelling and characters are unforgettable.,2025-05-27 05:29:36 UTC,2025-05-27 05:29:36 UTC
355,23,2,The Shawshank Redemption,It has a perfect blend of storytelling and emotion.,2025-05-28 05:23:36 UTC,2025-05-28 05:23:36 UTC
356,23,2,Inception,One of those films that sticks with you long after it's over.,2025-05-27 01:23:36 UTC,2025-05-27 01:23:36 UTC
357,23,2,Forrest Gump,It has a perfect blend of storytelling and emotion.,2025-05-28 22:04:36 UTC,2025-05-28 22:04:36 UTC
358,23,3,Friends,The plot twists always keep me guessing.,2025-05-27 01:39:36 UTC,2025-05-27 01:39:36 UTC
359,23,3,The Office,It's a comfort show that I can watch anytime.,2025-05-27 05:39:36 UTC,2025-05-27 05:39:36 UTC
360,23,3,Succession,The plot twists always keep me guessing.,2025-05-28 03:15:36 UTC,2025-05-28 03:15:36 UTC
361,23,4,Thriller,The lyrics resonate with me on a personal level.,2025-05-28 23:47:36 UTC,2025-05-28 23:47:36 UTC
362,23,4,Blinding Lights,A classic track that never gets old.,2025-05-28 03:02:36 UTC,2025-05-28 03:02:36 UTC
363,23,4,Yesterday,The lyrics resonate with me on a personal level.,2025-05-27 14:00:36 UTC,2025-05-27 14:00:36 UTC
364,23,5,New York City,A perfect escape from everyday life.,2025-05-27 14:10:36 UTC,2025-05-27 14:10:36 UTC
365,23,5,Rome,I've always dreamed of traveling here.,2025-05-28 01:32:36 UTC,2025-05-28 01:32:36 UTC
366,23,5,Cape Town,A perfect escape from everyday life.,2025-05-27 18:50:36 UTC,2025-05-27 18:50:36 UTC
367,23,6,Drawing,This hobby helps me unwind after a long day.,2025-05-27 14:36:36 UTC,2025-05-27 14:36:36 UTC
368,23,6,Photography,This hobby helps me unwind after a long day.,2025-05-27 18:48:36 UTC,2025-05-27 18:48:36 UTC
369,23,6,Knitting,It's a creative outlet that brings me joy.,2025-05-27 08:30:36 UTC,2025-05-27 08:30:36 UTC
370,24,1,The Great Gatsby,A timeless classic I could read over and over again.,2025-05-27 03:46:36 UTC,2025-05-27 03:46:36 UTC
371,24,1,Brave New World,The storytelling and characters are unforgettable.,2025-05-28 09:40:36 UTC,2025-05-28 09:40:36 UTC
372,24,1,Pride and Prejudice,A timeless classic I could read over and over again.,2025-05-27 16:24:36 UTC,2025-05-27 16:24:36 UTC
373,24,2,The Shawshank Redemption,One of those films that sticks with you long after it's over.,2025-05-27 23:09:36 UTC,2025-05-27 23:09:36 UTC
374,24,2,The Matrix,This movie blew my mind the first time I watched it.,2025-05-27 06:25:36 UTC,2025-05-27 06:25:36 UTC
375,24,2,The Godfather,It has a perfect blend of storytelling and emotion.,2025-05-27 05:12:36 UTC,2025-05-27 05:12:36 UTC
376,24,3,The Crown,I love how the characters evolve over time.,2025-05-27 22:28:36 UTC,2025-05-27 22:28:36 UTC
377,24,3,Stranger Things,I love how the characters evolve over time.,2025-05-28 21:03:36 UTC,2025-05-28 21:03:36 UTC
378,24,3,Grey's Anatomy,I love how the characters evolve over time.,2025-05-28 01:55:36 UTC,2025-05-28 01:55:36 UTC
379,24,4,Imagine,This song always puts me in a good mood.,2025-05-29 00:58:36 UTC,2025-05-29 00:58:36 UTC
380,24,4,Shake It Off,A classic track that never gets old.,2025-05-27 01:52:36 UTC,2025-05-27 01:52:36 UTC
381,24,4,Thriller,A classic track that never gets old.,2025-05-27 03:32:36 UTC,2025-05-27 03:32:36 UTC
382,24,5,Bali,A perfect escape from everyday life.,2025-05-27 06:51:36 UTC,2025-05-27 06:51:36 UTC
383,24,5,Cape Town,The culture and scenery are absolutely stunning.,2025-05-28 09:55:36 UTC,2025-05-28 09:55:36 UTC
384,24,5,Paris,The culture and scenery are absolutely stunning.,2025-05-27 02:49:36 UTC,2025-05-27 02:49:36 UTC
385,24,6,Photography,It's a creative outlet that brings me joy.,2025-05-29 00:57:36 UTC,2025-05-29 00:57:36 UTC
386,24,6,Drawing,I've learned so much and grown from doing this regularly.,2025-05-28 07:49:36 UTC,2025-05-28 07:49:36 UTC
387,24,6,Birdwatching,This hobby helps me unwind after a long day.,2025-05-28 17:57:36 UTC,2025-05-28 17:57:36 UTC
